{
  "method": "poly",
  "nx": 20,
  "ny": 20,
  "nz": 20,
  "horizon": 100,
  "split_budget": 0,
  "max_iters": 200,
  "build_time_cpu_s": 130.816464977,
  "verification_time_cpu_s": 0.7561883939999916,
  "total_states": 8000,
  "X_hat": 8000,
  "sat_states": 845,
  "TPR": 0.10278804165267047,
  "FNR": 0.8972119583473295,
  "SR": 0.11931382548659657,
  "gt_coverage": 0.8852704166447662,
  "sat_coverage": 0.10562500000000027,
  "mSucc": 8.596875,
  "SLP": 0.175625,
  "cegar_iters": 1,
  "refined_splits": 0,
  "last_cex_len": 101
}